Local time,Ask,Bid,AskVolume,BidVolume
27.07.2020 05:00:00.265 GMT+0700,1903.742,1901.988,370,370
27.07.2020 05:00:00.416 GMT+0700,1903.472,1902.348,75,370
27.07.2020 05:00:00.466 GMT+0700,1903.602,1902.348,75,370
27.07.2020 05:00:00.516 GMT+0700,1903.482,1902.348,75,370
27.07.2020 05:00:00.567 GMT+0700,1903.542,1902.348,75,370
27.07.2020 05:00:00.668 GMT+0700,1903.522,1902.348,75,370
27.07.2020 05:00:00.804 GMT+0700,1903.582,1902.088,75,370
27.07.2020 05:00:00.855 GMT+0700,1903.372,1902.088,370,370
27.07.2020 05:00:01.006 GMT+0700,1903.372,1901.978,370,370
27.07.2020 05:00:01.056 GMT+0700,1903.272,1901.978,370,370
27.07.2020 05:00:01.422 GMT+0700,1903.272,1901.798,370,370
27.07.2020 05:00:01.473 GMT+0700,1902.772,1901.528,370,370
27.07.2020 05:00:01.523 GMT+0700,1902.672,1901.368,370,370
27.07.2020 05:00:01.840 GMT+0700,1902.562,1901.048,75,370
27.07.2020 05:00:01.890 GMT+0700,1902.372,1901.048,370,370
27.07.2020 05:00:02.048 GMT+0700,1902.482,1901.048,75,370
27.07.2020 05:00:02.099 GMT+0700,1902.272,1901.048,370,370
27.07.2020 05:00:02.150 GMT+0700,1902.272,1900.968,370,370
27.07.2020 05:00:02.553 GMT+0700,1902.612,1901.248,75,370
27.07.2020 05:00:02.604 GMT+0700,1902.472,1901.248,370,370
27.07.2020 05:00:03.144 GMT+0700,1902.402,1901.248,370,370
27.07.2020 05:00:03.245 GMT+0700,1902.672,1901.448,370,370
27.07.2020 05:00:03.296 GMT+0700,1902.632,1901.448,370,370
27.07.2020 05:00:03.452 GMT+0700,1902.662,1901.528,370,370
27.07.2020 05:00:03.627 GMT+0700,1902.672,1901.528,370,370
27.07.2020 05:00:03.678 GMT+0700,1902.642,1901.448,370,370
27.07.2020 05:00:03.728 GMT+0700,1902.642,1901.478,370,75
27.07.2020 05:00:03.845 GMT+0700,1902.572,1901.478,370,75
27.07.2020 05:00:03.896 GMT+0700,1902.572,1901.448,370,75
27.07.2020 05:00:03.996 GMT+0700,1902.242,1901.468,370,75
27.07.2020 05:00:04.097 GMT+0700,1902.192,1901.448,370,75
27.07.2020 05:00:04.248 GMT+0700,1902.102,1901.338,370,75
27.07.2020 05:00:04.348 GMT+0700,1902.102,1901.288,370,450
27.07.2020 05:00:04.398 GMT+0700,1902.102,1901.308,370,75
27.07.2020 05:00:04.564 GMT+0700,1902.102,1901.178,370,370
27.07.2020 05:00:04.614 GMT+0700,1902.262,1901.378,370,370
27.07.2020 05:00:04.715 GMT+0700,1902.262,1901.478,370,75
27.07.2020 05:00:04.969 GMT+0700,1902.212,1901.478,370,75
27.07.2020 05:00:05.019 GMT+0700,1902.262,1901.448,370,75
27.07.2020 05:00:05.069 GMT+0700,1902.212,1901.478,370,75
27.07.2020 05:00:05.120 GMT+0700,1902.602,1901.428,370,370
27.07.2020 05:00:05.170 GMT+0700,1902.602,1901.488,370,75
27.07.2020 05:00:05.500 GMT+0700,1902.272,1901.498,370,75
27.07.2020 05:00:05.551 GMT+0700,1902.272,1901.478,370,75
27.07.2020 05:00:05.703 GMT+0700,1902.332,1901.408,370,75
27.07.2020 05:00:05.753 GMT+0700,1902.332,1901.478,370,75
27.07.2020 05:00:05.854 GMT+0700,1902.282,1901.428,370,75
27.07.2020 05:00:06.004 GMT+0700,1902.292,1901.388,370,370
27.07.2020 05:00:06.055 GMT+0700,1902.292,1901.438,370,75
27.07.2020 05:00:06.359 GMT+0700,1902.302,1901.458,370,370
27.07.2020 05:00:07.620 GMT+0700,1902.292,1901.418,370,75
27.07.2020 05:00:07.671 GMT+0700,1902.392,1901.538,370,370
27.07.2020 05:00:07.721 GMT+0700,1902.642,1901.768,370,370
27.07.2020 05:00:07.822 GMT+0700,1902.582,1901.718,370,450
27.07.2020 05:00:08.192 GMT+0700,1902.232,1901.548,370,370
27.07.2020 05:00:08.243 GMT+0700,1902.382,1901.478,370,370
27.07.2020 05:00:08.293 GMT+0700,1902.532,1901.668,370,370
27.07.2020 05:00:08.592 GMT+0700,1902.532,1901.678,370,75
27.07.2020 05:00:08.643 GMT+0700,1902.582,1901.708,370,370
27.07.2020 05:00:08.743 GMT+0700,1902.582,1901.738,370,75
27.07.2020 05:00:09.139 GMT+0700,1902.572,1901.668,370,450
27.07.2020 05:00:09.189 GMT+0700,1902.572,1901.728,370,75
27.07.2020 05:00:09.846 GMT+0700,1902.622,1901.728,370,75
27.07.2020 05:00:09.897 GMT+0700,1902.622,1901.758,370,75
27.07.2020 05:00:09.981 GMT+0700,1902.622,1901.748,370,370
27.07.2020 05:00:10.032 GMT+0700,1902.672,1901.768,370,370
27.07.2020 05:00:10.082 GMT+0700,1902.622,1901.768,370,75
27.07.2020 05:00:10.208 GMT+0700,1902.572,1901.768,370,75
27.07.2020 05:00:10.258 GMT+0700,1902.572,1901.698,370,75
27.07.2020 05:00:10.309 GMT+0700,1902.572,1901.748,370,75
27.07.2020 05:00:11.491 GMT+0700,1902.572,1901.658,370,370
27.07.2020 05:00:12.239 GMT+0700,1902.342,1901.568,370,75
27.07.2020 05:00:12.290 GMT+0700,1902.432,1901.478,370,370
27.07.2020 05:00:12.340 GMT+0700,1902.342,1901.448,370,75
27.07.2020 05:00:12.391 GMT+0700,1902.332,1901.408,370,370
27.07.2020 05:00:12.441 GMT+0700,1902.332,1901.488,370,75
27.07.2020 05:00:12.542 GMT+0700,1902.332,1901.418,370,370
27.07.2020 05:00:12.760 GMT+0700,1902.332,1901.458,370,370
27.07.2020 05:00:13.083 GMT+0700,1902.352,1901.478,370,370
27.07.2020 05:00:13.331 GMT+0700,1902.362,1901.458,370,370
27.07.2020 05:00:13.811 GMT+0700,1902.322,1901.408,370,370
27.07.2020 05:00:13.862 GMT+0700,1902.322,1901.268,370,370
27.07.2020 05:00:13.980 GMT+0700,1902.322,1901.168,370,370
27.07.2020 05:00:14.031 GMT+0700,1901.912,1901.268,75,370
27.07.2020 05:00:14.182 GMT+0700,1901.872,1901.268,75,370
27.07.2020 05:00:14.881 GMT+0700,1902.142,1901.318,75,370
27.07.2020 05:00:14.931 GMT+0700,1902.072,1901.318,75,370
27.07.2020 05:00:15.130 GMT+0700,1902.102,1901.318,75,370
27.07.2020 05:00:15.231 GMT+0700,1902.102,1901.228,75,370
27.07.2020 05:00:15.332 GMT+0700,1902.392,1901.228,370,370
27.07.2020 05:00:15.912 GMT+0700,1902.302,1901.228,75,370
27.07.2020 05:00:16.221 GMT+0700,1902.392,1901.228,370,370
27.07.2020 05:00:16.272 GMT+0700,1902.542,1901.258,370,370
27.07.2020 05:00:16.322 GMT+0700,1902.412,1901.288,370,370
27.07.2020 05:00:16.423 GMT+0700,1902.322,1901.318,370,75
27.07.2020 05:00:16.767 GMT+0700,1902.352,1901.358,370,370
27.07.2020 05:00:17.110 GMT+0700,1902.352,1901.378,370,370
27.07.2020 05:00:17.211 GMT+0700,1902.322,1901.508,370,75
27.07.2020 05:00:17.261 GMT+0700,1902.322,1901.468,370,75
27.07.2020 05:00:17.678 GMT+0700,1902.322,1901.398,370,370
27.07.2020 05:00:17.729 GMT+0700,1902.322,1901.528,370,75
27.07.2020 05:00:17.953 GMT+0700,1902.322,1901.498,370,150
27.07.2020 05:00:18.003 GMT+0700,1902.322,1901.518,370,75
27.07.2020 05:00:18.054 GMT+0700,1902.322,1901.278,370,370
27.07.2020 05:00:18.104 GMT+0700,1902.322,1901.408,370,370
27.07.2020 05:00:18.381 GMT+0700,1902.322,1901.418,370,75
27.07.2020 05:00:18.542 GMT+0700,1902.322,1901.408,370,370
27.07.2020 05:00:18.593 GMT+0700,1902.302,1901.408,370,370
27.07.2020 05:00:18.959 GMT+0700,1902.342,1901.428,370,370
27.07.2020 05:00:19.522 GMT+0700,1902.382,1901.428,370,370
27.07.2020 05:00:19.572 GMT+0700,1902.382,1901.458,370,75
27.07.2020 05:00:20.142 GMT+0700,1902.382,1901.428,370,370
27.07.2020 05:00:20.242 GMT+0700,1902.382,1901.498,370,75
27.07.2020 05:00:20.647 GMT+0700,1902.322,1901.388,370,370
27.07.2020 05:00:20.697 GMT+0700,1902.372,1901.518,370,75
27.07.2020 05:00:20.798 GMT+0700,1902.342,1901.448,370,370
27.07.2020 05:00:20.848 GMT+0700,1902.342,1901.488,370,75
27.07.2020 05:00:20.899 GMT+0700,1902.342,1901.478,370,75
27.07.2020 05:00:20.949 GMT+0700,1902.342,1901.488,370,75
27.07.2020 05:00:21.072 GMT+0700,1902.342,1901.448,370,450
27.07.2020 05:00:21.131 GMT+0700,1902.342,1901.478,370,75
27.07.2020 05:00:21.241 GMT+0700,1902.342,1901.448,370,450
27.07.2020 05:00:21.292 GMT+0700,1902.322,1901.438,370,370
27.07.2020 05:00:21.342 GMT+0700,1902.362,1901.428,370,370
27.07.2020 05:00:21.671 GMT+0700,1902.322,1901.448,370,370
27.07.2020 05:00:21.721 GMT+0700,1902.322,1901.378,370,370
27.07.2020 05:00:21.772 GMT+0700,1902.192,1901.288,370,370
27.07.2020 05:00:22.062 GMT+0700,1902.162,1901.258,370,370
27.07.2020 05:00:22.850 GMT+0700,1902.242,1901.308,370,370
27.07.2020 05:00:22.901 GMT+0700,1902.172,1901.278,370,370
27.07.2020 05:00:23.232 GMT+0700,1902.162,1901.268,370,370
27.07.2020 05:00:23.971 GMT+0700,1902.122,1901.198,370,370
27.07.2020 05:00:24.022 GMT+0700,1902.152,1901.258,370,370
27.07.2020 05:00:25.258 GMT+0700,1902.132,1901.208,370,370
27.07.2020 05:00:25.582 GMT+0700,1902.072,1901.188,370,370
27.07.2020 05:00:25.683 GMT+0700,1902.112,1901.268,370,370
27.07.2020 05:00:25.784 GMT+0700,1902.142,1901.288,370,370
27.07.2020 05:00:27.344 GMT+0700,1902.102,1901.248,370,370
27.07.2020 05:00:27.514 GMT+0700,1902.132,1901.288,370,370
27.07.2020 05:00:27.961 GMT+0700,1902.082,1901.208,370,370
27.07.2020 05:00:28.062 GMT+0700,1902.062,1901.168,370,370
27.07.2020 05:00:28.441 GMT+0700,1902.192,1901.348,370,370
27.07.2020 05:00:28.643 GMT+0700,1902.192,1901.328,370,370
27.07.2020 05:00:28.744 GMT+0700,1902.242,1901.348,370,370
27.07.2020 05:00:29.460 GMT+0700,1902.282,1901.328,370,370
27.07.2020 05:00:30.051 GMT+0700,1902.302,1901.378,370,370
27.07.2020 05:00:30.202 GMT+0700,1902.312,1901.408,370,370
27.07.2020 05:00:30.872 GMT+0700,1902.292,1901.378,370,370
27.07.2020 05:00:30.922 GMT+0700,1902.282,1901.418,370,370
27.07.2020 05:00:30.972 GMT+0700,1902.262,1901.388,370,370
27.07.2020 05:00:31.536 GMT+0700,1902.222,1901.308,370,370
27.07.2020 05:00:31.587 GMT+0700,1902.242,1901.378,370,370
27.07.2020 05:00:32.122 GMT+0700,1902.222,1901.328,370,370
27.07.2020 05:00:32.222 GMT+0700,1902.282,1901.378,370,370
27.07.2020 05:00:32.431 GMT+0700,1902.242,1901.378,370,370
27.07.2020 05:00:33.031 GMT+0700,1902.232,1901.328,370,370
27.07.2020 05:00:34.871 GMT+0700,1902.242,1901.378,370,370
27.07.2020 05:00:37.102 GMT+0700,1902.282,1901.378,370,370
27.07.2020 05:00:40.062 GMT+0700,1902.242,1901.378,370,370
27.07.2020 05:00:44.642 GMT+0700,1902.252,1901.358,370,370
27.07.2020 05:00:44.941 GMT+0700,1902.272,1901.208,370,370
27.07.2020 05:00:45.301 GMT+0700,1902.292,1901.268,370,370
27.07.2020 05:00:45.402 GMT+0700,1902.332,1901.328,370,370
27.07.2020 05:00:47.702 GMT+0700,1902.322,1901.368,370,370
27.07.2020 05:00:47.903 GMT+0700,1902.402,1901.418,370,370
27.07.2020 05:00:52.450 GMT+0700,1902.462,1901.448,370,370
27.07.2020 05:00:52.501 GMT+0700,1902.442,1901.468,370,370
27.07.2020 05:00:52.689 GMT+0700,1902.512,1901.508,370,370
27.07.2020 05:00:52.739 GMT+0700,1902.512,1901.518,370,370
27.07.2020 05:00:55.073 GMT+0700,1902.202,1901.518,370,370
27.07.2020 05:00:55.173 GMT+0700,1902.212,1901.258,370,370
27.07.2020 05:00:55.224 GMT+0700,1902.142,1901.198,370,370
27.07.2020 05:00:56.031 GMT+0700,1902.092,1901.178,370,370
27.07.2020 05:00:57.892 GMT+0700,1902.102,1901.188,370,370
27.07.2020 05:00:59.782 GMT+0700,1902.202,1901.248,370,370
27.07.2020 05:00:59.833 GMT+0700,1902.172,1901.248,370,370
27.07.2020 05:00:59.984 GMT+0700,1902.192,1901.288,370,370
27.07.2020 05:01:00.034 GMT+0700,1902.182,1901.258,370,370
27.07.2020 05:01:00.253 GMT+0700,1902.142,1901.198,370,370
27.07.2020 05:01:00.304 GMT+0700,1902.052,1901.118,370,370
27.07.2020 05:01:00.455 GMT+0700,1902.052,1901.158,370,370
27.07.2020 05:01:00.590 GMT+0700,1901.452,1901.188,370,370
27.07.2020 05:01:00.640 GMT+0700,1902.102,1901.188,370,370
27.07.2020 05:01:00.914 GMT+0700,1902.162,1901.148,370,370
27.07.2020 05:01:00.964 GMT+0700,1902.162,1901.178,370,370
27.07.2020 05:01:01.065 GMT+0700,1901.982,1901.068,370,370
27.07.2020 05:01:01.209 GMT+0700,1902.062,1901.118,370,370
27.07.2020 05:01:01.343 GMT+0700,1902.092,1901.108,370,370
27.07.2020 05:01:01.394 GMT+0700,1902.042,1901.088,370,370
27.07.2020 05:01:01.495 GMT+0700,1902.012,1901.088,370,370
27.07.2020 05:01:01.923 GMT+0700,1902.142,1901.008,370,370
27.07.2020 05:01:01.973 GMT+0700,1901.942,1901.028,370,370
27.07.2020 05:01:04.549 GMT+0700,1901.892,1900.998,370,370
27.07.2020 05:01:05.572 GMT+0700,1901.932,1901.028,370,370
27.07.2020 05:01:05.673 GMT+0700,1901.892,1901.018,370,370
27.07.2020 05:01:05.828 GMT+0700,1901.852,1900.968,370,370
27.07.2020 05:01:05.928 GMT+0700,1901.922,1901.008,370,370
27.07.2020 05:01:05.979 GMT+0700,1901.712,1901.008,370,370
27.07.2020 05:01:06.130 GMT+0700,1901.592,1901.018,370,370
27.07.2020 05:01:06.281 GMT+0700,1901.542,1901.018,370,370
27.07.2020 05:01:06.823 GMT+0700,1901.582,1900.808,370,370
27.07.2020 05:01:06.874 GMT+0700,1901.672,1900.768,370,370
27.07.2020 05:01:06.974 GMT+0700,1901.572,1900.468,370,370
27.07.2020 05:01:07.025 GMT+0700,1901.542,1900.438,370,370
27.07.2020 05:01:07.075 GMT+0700,1901.572,1900.378,370,370
27.07.2020 05:01:07.126 GMT+0700,1901.522,1900.448,370,370
27.07.2020 05:01:07.616 GMT+0700,1901.512,1900.448,370,370
27.07.2020 05:01:08.520 GMT+0700,1901.512,1900.498,370,370
27.07.2020 05:01:08.621 GMT+0700,1901.562,1900.498,370,370
27.07.2020 05:01:08.902 GMT+0700,1901.602,1899.998,370,75
27.07.2020 05:01:09.602 GMT+0700,1901.512,1900.158,370,370
27.07.2020 05:01:10.174 GMT+0700,1901.512,1900.108,370,370
27.07.2020 05:01:10.225 GMT+0700,1901.602,1899.998,370,150
27.07.2020 05:01:10.729 GMT+0700,1901.492,1899.998,370,150
27.07.2020 05:01:10.830 GMT+0700,1901.592,1899.898,370,150
27.07.2020 05:01:10.931 GMT+0700,1901.502,1900.128,370,370
27.07.2020 05:01:10.981 GMT+0700,1901.592,1900.208,370,370
27.07.2020 05:01:11.248 GMT+0700,1901.642,1900.208,370,370
27.07.2020 05:01:11.349 GMT+0700,1901.512,1900.198,370,370
27.07.2020 05:01:11.709 GMT+0700,1901.462,1900.168,370,370
27.07.2020 05:01:11.759 GMT+0700,1901.522,1900.208,370,370
27.07.2020 05:01:11.861 GMT+0700,1901.522,1900.058,370,370
27.07.2020 05:01:11.911 GMT+0700,1901.492,1900.108,370,370
27.07.2020 05:01:12.656 GMT+0700,1901.392,1900.058,370,370
27.07.2020 05:01:13.102 GMT+0700,1901.322,1900.058,370,370
27.07.2020 05:01:14.877 GMT+0700,1901.412,1900.118,370,370
27.07.2020 05:01:15.385 GMT+0700,1901.472,1900.158,370,370
27.07.2020 05:01:15.624 GMT+0700,1901.502,1900.208,370,370
27.07.2020 05:01:16.588 GMT+0700,1901.372,1900.138,370,370
27.07.2020 05:01:16.638 GMT+0700,1901.452,1900.188,370,370
27.07.2020 05:01:16.739 GMT+0700,1901.512,1900.238,370,370
27.07.2020 05:01:17.142 GMT+0700,1901.522,1900.278,370,370
27.07.2020 05:01:18.022 GMT+0700,1901.492,1900.318,370,370
27.07.2020 05:01:18.581 GMT+0700,1901.492,1900.328,370,370
27.07.2020 05:01:19.095 GMT+0700,1901.432,1900.298,370,370
27.07.2020 05:01:19.196 GMT+0700,1901.312,1900.238,370,370
27.07.2020 05:01:21.149 GMT+0700,1901.252,1900.188,370,370
27.07.2020 05:01:21.250 GMT+0700,1901.172,1900.088,370,370
27.07.2020 05:01:21.698 GMT+0700,1901.082,1900.048,370,370
27.07.2020 05:01:21.749 GMT+0700,1901.092,1899.998,370,370
27.07.2020 05:01:21.858 GMT+0700,1901.172,1900.048,370,370
27.07.2020 05:01:21.959 GMT+0700,1901.102,1900.038,370,370
27.07.2020 05:01:22.971 GMT+0700,1901.132,1900.078,370,370
27.07.2020 05:01:23.652 GMT+0700,1901.362,1899.798,370,150
27.07.2020 05:01:24.351 GMT+0700,1901.112,1899.798,370,150
27.07.2020 05:01:25.024 GMT+0700,1901.362,1899.798,370,150
27.07.2020 05:01:25.774 GMT+0700,1901.142,1899.798,370,150
27.07.2020 05:01:29.511 GMT+0700,1901.182,1899.898,370,150
27.07.2020 05:01:29.712 GMT+0700,1901.202,1899.898,370,150
27.07.2020 05:01:30.849 GMT+0700,1901.252,1899.898,370,150
27.07.2020 05:01:30.899 GMT+0700,1901.412,1900.098,370,150
27.07.2020 05:01:30.949 GMT+0700,1901.482,1900.098,370,150
27.07.2020 05:01:31.000 GMT+0700,1901.492,1900.228,370,370
27.07.2020 05:01:31.753 GMT+0700,1901.522,1900.278,370,370
27.07.2020 05:01:32.179 GMT+0700,1901.682,1900.198,370,75
27.07.2020 05:01:32.929 GMT+0700,1901.522,1900.198,370,75
27.07.2020 05:01:34.611 GMT+0700,1901.522,1900.068,370,370
27.07.2020 05:01:34.662 GMT+0700,1901.522,1900.098,370,150
27.07.2020 05:01:35.911 GMT+0700,1901.142,1899.948,370,370
27.07.2020 05:01:36.012 GMT+0700,1901.422,1900.008,370,370
27.07.2020 05:01:36.127 GMT+0700,1901.362,1899.938,370,370
27.07.2020 05:01:36.178 GMT+0700,1901.502,1899.898,370,150
27.07.2020 05:01:36.877 GMT+0700,1901.382,1899.968,370,370
27.07.2020 05:01:37.814 GMT+0700,1901.382,1900.008,370,370
27.07.2020 05:01:38.140 GMT+0700,1901.042,1899.748,370,370
27.07.2020 05:01:38.392 GMT+0700,1900.972,1899.748,370,370
27.07.2020 05:01:38.442 GMT+0700,1901.012,1899.748,370,370
27.07.2020 05:01:39.023 GMT+0700,1900.632,1899.788,370,370
27.07.2020 05:01:39.073 GMT+0700,1901.072,1899.788,370,370
27.07.2020 05:01:40.627 GMT+0700,1900.972,1899.748,370,370
27.07.2020 05:01:40.965 GMT+0700,1900.962,1899.638,370,370
27.07.2020 05:01:42.202 GMT+0700,1900.962,1899.688,370,370
27.07.2020 05:01:44.618 GMT+0700,1900.802,1899.688,370,370
27.07.2020 05:01:44.719 GMT+0700,1900.912,1899.668,370,370
27.07.2020 05:01:45.029 GMT+0700,1900.912,1899.708,370,370
27.07.2020 05:01:45.182 GMT+0700,1900.912,1899.768,370,370
27.07.2020 05:01:45.232 GMT+0700,1900.972,1899.768,370,370
27.07.2020 05:01:45.600 GMT+0700,1900.802,1899.768,370,370
27.07.2020 05:01:45.701 GMT+0700,1900.922,1899.798,370,370
27.07.2020 05:01:45.802 GMT+0700,1900.962,1899.798,370,370
27.07.2020 05:01:47.007 GMT+0700,1900.742,1899.798,370,370
27.07.2020 05:01:47.058 GMT+0700,1901.022,1899.828,370,370
27.07.2020 05:01:47.159 GMT+0700,1901.062,1899.848,370,370
27.07.2020 05:01:47.361 GMT+0700,1901.082,1899.888,370,370
27.07.2020 05:01:47.462 GMT+0700,1901.122,1899.928,370,370
27.07.2020 05:01:52.892 GMT+0700,1901.202,1899.988,370,370
27.07.2020 05:01:54.420 GMT+0700,1900.932,1899.988,370,370
27.07.2020 05:01:54.470 GMT+0700,1900.902,1899.938,370,370
27.07.2020 05:01:54.521 GMT+0700,1901.092,1899.938,370,370
27.07.2020 05:01:56.952 GMT+0700,1900.952,1899.848,370,370
27.07.2020 05:01:57.002 GMT+0700,1901.102,1899.698,370,75
27.07.2020 05:01:57.737 GMT+0700,1900.972,1899.748,370,370
27.07.2020 05:01:58.971 GMT+0700,1901.032,1899.788,370,370
27.07.2020 05:01:59.021 GMT+0700,1901.032,1899.798,370,75
27.07.2020 05:02:00.054 GMT+0700,1901.022,1899.918,370,370
27.07.2020 05:02:00.216 GMT+0700,1901.022,1899.998,370,370
27.07.2020 05:02:00.362 GMT+0700,1901.022,1899.798,370,75
27.07.2020 05:02:00.865 GMT+0700,1900.872,1899.798,370,75
27.07.2020 05:02:00.966 GMT+0700,1901.042,1899.798,370,450
27.07.2020 05:02:01.016 GMT+0700,1900.852,1899.798,370,370
27.07.2020 05:02:01.067 GMT+0700,1901.042,1899.818,370,370
27.07.2020 05:02:01.314 GMT+0700,1901.062,1899.868,370,370
27.07.2020 05:02:04.572 GMT+0700,1900.952,1899.848,370,370
27.07.2020 05:02:04.622 GMT+0700,1901.062,1899.858,370,370
27.07.2020 05:02:04.973 GMT+0700,1900.952,1899.848,370,370
27.07.2020 05:02:05.074 GMT+0700,1901.052,1899.838,370,370
27.07.2020 05:02:05.283 GMT+0700,1900.972,1899.818,370,370
27.07.2020 05:02:05.384 GMT+0700,1900.922,1899.778,370,370
27.07.2020 05:02:05.801 GMT+0700,1900.962,1899.838,370,370
27.07.2020 05:02:07.192 GMT+0700,1900.812,1899.878,370,370
27.07.2020 05:02:07.242 GMT+0700,1900.872,1899.888,370,370
27.07.2020 05:02:07.293 GMT+0700,1900.982,1899.888,370,370
27.07.2020 05:02:07.343 GMT+0700,1900.872,1899.828,370,370
27.07.2020 05:02:07.444 GMT+0700,1900.902,1899.828,370,370
27.07.2020 05:02:07.645 GMT+0700,1900.942,1899.878,370,370
27.07.2020 05:02:08.735 GMT+0700,1901.082,1900.008,370,370
27.07.2020 05:02:08.786 GMT+0700,1901.242,1900.118,370,370
27.07.2020 05:02:08.886 GMT+0700,1901.162,1900.128,370,370
27.07.2020 05:02:08.937 GMT+0700,1901.192,1900.128,370,370
27.07.2020 05:02:09.037 GMT+0700,1901.272,1900.198,370,370
27.07.2020 05:02:10.292 GMT+0700,1901.262,1900.218,370,370
27.07.2020 05:02:10.392 GMT+0700,1901.292,1900.198,370,370
27.07.2020 05:02:10.443 GMT+0700,1900.952,1900.198,370,370
27.07.2020 05:02:10.493 GMT+0700,1901.232,1900.198,370,370
27.07.2020 05:02:10.806 GMT+0700,1901.282,1900.228,370,370
27.07.2020 05:02:12.767 GMT+0700,1901.292,1900.228,370,370
27.07.2020 05:02:13.129 GMT+0700,1901.242,1900.228,370,370
27.07.2020 05:02:13.883 GMT+0700,1901.362,1900.318,370,370
27.07.2020 05:02:14.318 GMT+0700,1901.242,1900.318,370,370
27.07.2020 05:02:14.419 GMT+0700,1901.302,1900.288,370,370
27.07.2020 05:02:16.182 GMT+0700,1901.302,1900.348,370,370
27.07.2020 05:02:17.598 GMT+0700,1901.342,1900.348,370,370
27.07.2020 05:02:17.699 GMT+0700,1901.342,1900.328,370,370
27.07.2020 05:02:21.669 GMT+0700,1901.202,1900.328,370,370
27.07.2020 05:02:21.770 GMT+0700,1901.322,1900.328,370,370
27.07.2020 05:02:22.589 GMT+0700,1901.362,1900.328,370,370
27.07.2020 05:02:25.378 GMT+0700,1901.342,1900.308,370,370
27.07.2020 05:02:27.170 GMT+0700,1901.212,1900.308,370,370
27.07.2020 05:02:27.221 GMT+0700,1901.342,1900.308,370,370
27.07.2020 05:02:27.509 GMT+0700,1901.202,1900.218,370,370
27.07.2020 05:02:27.743 GMT+0700,1901.162,1900.218,370,370
27.07.2020 05:02:27.794 GMT+0700,1901.202,1900.218,370,370
27.07.2020 05:02:27.912 GMT+0700,1901.272,1900.258,370,370
27.07.2020 05:02:30.471 GMT+0700,1901.312,1900.298,370,370
27.07.2020 05:02:32.135 GMT+0700,1901.382,1900.338,370,370
27.07.2020 05:02:32.422 GMT+0700,1901.422,1900.408,370,370
27.07.2020 05:02:32.797 GMT+0700,1901.382,1900.248,370,370
27.07.2020 05:02:32.848 GMT+0700,1901.502,1900.248,370,370
27.07.2020 05:02:32.957 GMT+0700,1901.462,1900.208,370,370
27.07.2020 05:02:33.547 GMT+0700,1901.392,1900.208,370,370
27.07.2020 05:02:33.982 GMT+0700,1901.452,1900.288,370,370
27.07.2020 05:02:34.413 GMT+0700,1901.492,1900.298,370,370
27.07.2020 05:02:34.464 GMT+0700,1901.492,1900.428,370,370
27.07.2020 05:02:34.842 GMT+0700,1901.532,1900.458,370,370
27.07.2020 05:02:35.696 GMT+0700,1901.632,1900.558,370,370
27.07.2020 05:02:35.746 GMT+0700,1901.702,1900.558,370,370
27.07.2020 05:02:36.014 GMT+0700,1901.592,1900.558,370,370
27.07.2020 05:02:36.115 GMT+0700,1901.702,1900.558,370,370
27.07.2020 05:02:37.123 GMT+0700,1901.632,1900.528,370,370
27.07.2020 05:02:38.113 GMT+0700,1901.682,1900.528,370,370
27.07.2020 05:02:38.163 GMT+0700,1901.652,1900.528,370,370
27.07.2020 05:02:38.387 GMT+0700,1901.592,1900.518,370,370
27.07.2020 05:02:41.214 GMT+0700,1901.612,1900.558,370,370
27.07.2020 05:02:41.539 GMT+0700,1901.792,1900.658,370,370
27.07.2020 05:02:41.590 GMT+0700,1901.822,1900.788,370,370
27.07.2020 05:02:41.924 GMT+0700,1901.872,1900.818,370,370
27.07.2020 05:02:43.676 GMT+0700,1901.942,1900.898,370,370
27.07.2020 05:02:43.800 GMT+0700,1901.902,1900.898,370,370
27.07.2020 05:02:43.850 GMT+0700,1901.972,1900.948,370,370
27.07.2020 05:02:43.901 GMT+0700,1901.982,1900.948,370,370
27.07.2020 05:02:44.793 GMT+0700,1902.052,1900.978,370,370
27.07.2020 05:02:44.894 GMT+0700,1902.052,1901.028,370,370
27.07.2020 05:02:45.422 GMT+0700,1902.112,1901.088,370,370
27.07.2020 05:02:48.299 GMT+0700,1902.042,1901.008,370,370
27.07.2020 05:02:48.400 GMT+0700,1902.092,1901.038,370,370
27.07.2020 05:02:48.802 GMT+0700,1902.312,1901.278,370,370
27.07.2020 05:02:49.191 GMT+0700,1902.402,1901.398,370,370
27.07.2020 05:02:49.292 GMT+0700,1902.442,1901.448,370,370
27.07.2020 05:02:50.109 GMT+0700,1902.322,1901.448,370,370
27.07.2020 05:02:50.159 GMT+0700,1902.392,1901.448,370,370
27.07.2020 05:02:50.210 GMT+0700,1902.442,1901.448,370,370
27.07.2020 05:02:50.315 GMT+0700,1902.402,1901.448,370,370
27.07.2020 05:02:50.415 GMT+0700,1902.432,1901.448,370,370
27.07.2020 05:02:52.032 GMT+0700,1902.472,1901.468,370,370
27.07.2020 05:02:53.130 GMT+0700,1902.312,1901.468,370,370
27.07.2020 05:02:53.231 GMT+0700,1902.472,1901.468,370,370
27.07.2020 05:02:53.522 GMT+0700,1902.362,1901.468,370,370
27.07.2020 05:02:53.572 GMT+0700,1902.472,1901.468,370,370
27.07.2020 05:02:55.274 GMT+0700,1902.492,1901.508,370,370
27.07.2020 05:02:56.085 GMT+0700,1902.452,1901.508,370,370
27.07.2020 05:02:56.186 GMT+0700,1902.492,1901.508,370,370
27.07.2020 05:02:56.792 GMT+0700,1902.462,1901.508,370,370
27.07.2020 05:02:56.842 GMT+0700,1902.492,1901.508,370,370
27.07.2020 05:02:58.143 GMT+0700,1902.342,1901.478,370,370
27.07.2020 05:02:58.194 GMT+0700,1902.472,1901.478,370,370
27.07.2020 05:02:58.482 GMT+0700,1902.462,1901.448,370,370
27.07.2020 05:02:59.298 GMT+0700,1902.542,1901.518,370,370
27.07.2020 05:02:59.604 GMT+0700,1902.492,1901.518,370,370
27.07.2020 05:03:01.019 GMT+0700,1902.292,1901.518,370,370
27.07.2020 05:03:01.070 GMT+0700,1902.292,1901.508,370,370
27.07.2020 05:03:01.171 GMT+0700,1902.562,1901.508,370,370
27.07.2020 05:03:01.234 GMT+0700,1902.512,1901.508,370,370
27.07.2020 05:03:01.284 GMT+0700,1902.602,1901.558,370,370
27.07.2020 05:03:01.335 GMT+0700,1902.542,1901.558,370,370
27.07.2020 05:03:01.579 GMT+0700,1902.562,1901.598,370,370
27.07.2020 05:03:02.332 GMT+0700,1902.432,1901.558,370,370
27.07.2020 05:03:02.382 GMT+0700,1902.602,1901.568,370,370
27.07.2020 05:03:02.432 GMT+0700,1902.642,1901.618,370,370
27.07.2020 05:03:03.093 GMT+0700,1902.662,1901.658,370,370
27.07.2020 05:03:03.686 GMT+0700,1902.702,1901.738,370,370
27.07.2020 05:03:03.736 GMT+0700,1902.752,1901.778,370,370
27.07.2020 05:03:03.787 GMT+0700,1902.782,1901.818,370,370
27.07.2020 05:03:04.143 GMT+0700,1902.812,1901.858,370,370
27.07.2020 05:03:05.062 GMT+0700,1902.862,1901.888,370,370
27.07.2020 05:03:06.601 GMT+0700,1902.812,1901.848,370,370
27.07.2020 05:03:07.851 GMT+0700,1902.872,1901.898,370,370
27.07.2020 05:03:08.620 GMT+0700,1902.742,1901.898,370,370
27.07.2020 05:03:08.671 GMT+0700,1902.782,1901.898,370,370
27.07.2020 05:03:09.047 GMT+0700,1902.872,1901.898,370,370
27.07.2020 05:03:10.088 GMT+0700,1902.912,1901.918,370,370
27.07.2020 05:03:14.049 GMT+0700,1902.812,1901.838,370,370
27.07.2020 05:03:14.099 GMT+0700,1902.852,1901.868,370,370
27.07.2020 05:03:14.250 GMT+0700,1902.592,1901.818,370,370
27.07.2020 05:03:14.351 GMT+0700,1902.782,1901.808,370,370
27.07.2020 05:03:15.142 GMT+0700,1902.822,1901.878,370,370
27.07.2020 05:03:15.242 GMT+0700,1902.832,1901.838,370,370
27.07.2020 05:03:15.749 GMT+0700,1902.832,1901.878,370,370
27.07.2020 05:03:15.882 GMT+0700,1902.792,1901.828,370,370
27.07.2020 05:03:16.688 GMT+0700,1902.702,1901.738,370,370
27.07.2020 05:03:16.789 GMT+0700,1902.672,1901.688,370,370
27.07.2020 05:03:17.679 GMT+0700,1902.692,1901.728,370,370
27.07.2020 05:03:18.092 GMT+0700,1902.742,1901.788,370,370
27.07.2020 05:03:18.316 GMT+0700,1902.692,1901.728,370,370
27.07.2020 05:03:18.367 GMT+0700,1902.772,1901.828,370,370
27.07.2020 05:03:22.092 GMT+0700,1902.722,1901.748,370,370
27.07.2020 05:03:23.341 GMT+0700,1902.762,1901.798,370,370
27.07.2020 05:03:23.391 GMT+0700,1902.792,1901.798,370,370
27.07.2020 05:03:23.442 GMT+0700,1902.742,1901.788,370,370
27.07.2020 05:03:24.242 GMT+0700,1902.702,1901.748,370,370
27.07.2020 05:03:24.610 GMT+0700,1902.552,1901.748,370,370
27.07.2020 05:03:24.711 GMT+0700,1902.692,1901.748,370,370
27.07.2020 05:03:26.101 GMT+0700,1902.922,1901.978,370,370
27.07.2020 05:03:26.202 GMT+0700,1902.952,1901.978,370,370
27.07.2020 05:03:26.303 GMT+0700,1902.732,1901.978,370,370
27.07.2020 05:03:26.353 GMT+0700,1902.952,1901.978,370,370
27.07.2020 05:03:26.403 GMT+0700,1902.772,1901.978,370,370
27.07.2020 05:03:26.454 GMT+0700,1902.882,1901.978,370,370
27.07.2020 05:03:26.927 GMT+0700,1902.932,1901.978,370,370
27.07.2020 05:03:27.676 GMT+0700,1902.932,1902.028,370,370
27.07.2020 05:03:27.726 GMT+0700,1902.892,1901.818,370,370
27.07.2020 05:03:27.776 GMT+0700,1902.842,1901.818,370,370
27.07.2020 05:03:27.827 GMT+0700,1902.892,1901.818,370,370
27.07.2020 05:03:28.112 GMT+0700,1902.832,1901.978,370,370
27.07.2020 05:03:28.162 GMT+0700,1902.942,1901.978,370,370
27.07.2020 05:03:28.541 GMT+0700,1903.042,1902.098,370,370
27.07.2020 05:03:29.145 GMT+0700,1903.092,1902.148,370,370
27.07.2020 05:03:29.196 GMT+0700,1903.112,1902.158,370,370
27.07.2020 05:03:29.296 GMT+0700,1903.162,1902.138,370,370
27.07.2020 05:03:29.347 GMT+0700,1903.172,1902.198,370,370
27.07.2020 05:03:29.982 GMT+0700,1903.242,1902.298,370,370
27.07.2020 05:03:30.392 GMT+0700,1903.302,1902.338,370,370
27.07.2020 05:03:31.213 GMT+0700,1903.252,1902.298,370,370
27.07.2020 05:03:32.472 GMT+0700,1903.292,1902.348,370,370
27.07.2020 05:03:34.321 GMT+0700,1903.302,1902.378,370,370
27.07.2020 05:03:34.372 GMT+0700,1903.302,1902.338,370,370
27.07.2020 05:03:35.374 GMT+0700,1903.052,1902.338,370,370
27.07.2020 05:03:35.425 GMT+0700,1903.052,1902.298,370,370
27.07.2020 05:03:35.526 GMT+0700,1903.282,1902.298,370,370
27.07.2020 05:03:35.952 GMT+0700,1903.452,1902.468,370,370
27.07.2020 05:03:36.053 GMT+0700,1903.502,1902.448,370,370
27.07.2020 05:03:36.109 GMT+0700,1903.522,1902.508,370,370
27.07.2020 05:03:36.536 GMT+0700,1903.572,1902.598,370,370
27.07.2020 05:03:36.730 GMT+0700,1903.612,1902.668,370,370
27.07.2020 05:03:36.781 GMT+0700,1903.562,1902.588,370,370
27.07.2020 05:03:39.201 GMT+0700,1903.612,1902.678,370,370
27.07.2020 05:03:39.315 GMT+0700,1903.502,1902.678,370,370
27.07.2020 05:03:39.365 GMT+0700,1903.462,1902.588,370,370
27.07.2020 05:03:39.466 GMT+0700,1903.542,1902.588,370,370
27.07.2020 05:03:39.731 GMT+0700,1903.422,1902.498,370,370
27.07.2020 05:03:39.782 GMT+0700,1903.472,1902.498,370,370
27.07.2020 05:03:40.032 GMT+0700,1903.482,1902.518,370,370
27.07.2020 05:03:40.427 GMT+0700,1903.442,1902.518,370,370
27.07.2020 05:03:40.477 GMT+0700,1903.482,1902.518,370,370
27.07.2020 05:03:40.671 GMT+0700,1903.272,1902.518,370,370
27.07.2020 05:03:40.722 GMT+0700,1903.422,1902.518,370,370
27.07.2020 05:03:40.871 GMT+0700,1903.252,1902.518,370,370
27.07.2020 05:03:40.971 GMT+0700,1903.412,1902.578,370,370
27.07.2020 05:03:41.545 GMT+0700,1903.382,1902.438,370,370
27.07.2020 05:03:41.967 GMT+0700,1903.262,1902.438,370,370
27.07.2020 05:03:42.067 GMT+0700,1903.262,1902.348,370,370
27.07.2020 05:03:42.118 GMT+0700,1903.312,1902.368,370,370
27.07.2020 05:03:42.412 GMT+0700,1903.312,1902.398,370,370
27.07.2020 05:03:42.519 GMT+0700,1903.372,1902.398,370,370
27.07.2020 05:03:42.950 GMT+0700,1903.382,1902.398,370,370
27.07.2020 05:03:43.366 GMT+0700,1903.162,1902.398,370,370
27.07.2020 05:03:43.416 GMT+0700,1903.382,1902.398,370,370
27.07.2020 05:03:43.734 GMT+0700,1903.372,1902.438,370,370
27.07.2020 05:03:44.517 GMT+0700,1903.222,1902.438,370,370
27.07.2020 05:03:44.617 GMT+0700,1903.352,1902.408,370,370
27.07.2020 05:03:44.793 GMT+0700,1903.242,1902.408,370,370
27.07.2020 05:03:44.844 GMT+0700,1903.382,1902.438,370,370
27.07.2020 05:03:45.805 GMT+0700,1903.442,1902.448,370,370
27.07.2020 05:03:46.347 GMT+0700,1903.202,1902.448,370,370
27.07.2020 05:03:46.397 GMT+0700,1903.292,1902.448,370,370
27.07.2020 05:03:46.498 GMT+0700,1903.462,1902.498,370,370
27.07.2020 05:03:46.598 GMT+0700,1903.532,1902.508,370,370
27.07.2020 05:03:47.062 GMT+0700,1903.542,1902.538,370,370
27.07.2020 05:03:49.082 GMT+0700,1903.542,1902.618,370,370
27.07.2020 05:03:49.361 GMT+0700,1903.542,1902.628,370,370
27.07.2020 05:03:50.401 GMT+0700,1903.692,1902.498,370,370
27.07.2020 05:03:50.502 GMT+0700,1903.692,1902.488,370,370
27.07.2020 05:03:50.672 GMT+0700,1903.642,1902.488,370,370
27.07.2020 05:03:50.722 GMT+0700,1903.642,1902.428,370,370
27.07.2020 05:03:51.123 GMT+0700,1903.602,1902.488,370,370
27.07.2020 05:03:51.342 GMT+0700,1903.602,1902.578,370,370
27.07.2020 05:03:53.372 GMT+0700,1903.632,1902.578,370,370
27.07.2020 05:03:54.129 GMT+0700,1903.632,1902.658,370,370
27.07.2020 05:03:54.230 GMT+0700,1903.682,1902.658,370,370
27.07.2020 05:03:55.197 GMT+0700,1903.272,1902.658,370,370
27.07.2020 05:03:55.247 GMT+0700,1903.392,1902.658,370,370
27.07.2020 05:03:55.348 GMT+0700,1903.662,1902.658,370,370
27.07.2020 05:03:56.559 GMT+0700,1903.632,1902.658,370,370
27.07.2020 05:03:56.610 GMT+0700,1903.632,1902.578,370,370
27.07.2020 05:03:57.334 GMT+0700,1903.642,1902.578,370,370
27.07.2020 05:03:59.126 GMT+0700,1903.292,1902.578,370,370
27.07.2020 05:03:59.227 GMT+0700,1903.432,1902.588,370,370
27.07.2020 05:03:59.505 GMT+0700,1903.432,1902.558,370,370
27.07.2020 05:03:59.656 GMT+0700,1903.482,1902.578,370,370
27.07.2020 05:03:59.757 GMT+0700,1903.172,1902.578,370,370
27.07.2020 05:03:59.807 GMT+0700,1903.142,1902.528,370,370
27.07.2020 05:03:59.908 GMT+0700,1903.192,1902.418,370,370
27.07.2020 05:04:00.008 GMT+0700,1903.392,1902.418,370,370
27.07.2020 05:04:00.131 GMT+0700,1903.432,1902.448,370,370
27.07.2020 05:04:00.283 GMT+0700,1903.022,1902.348,370,370
27.07.2020 05:04:00.333 GMT+0700,1903.142,1902.328,370,370
27.07.2020 05:04:00.434 GMT+0700,1903.362,1902.388,370,370
27.07.2020 05:04:00.534 GMT+0700,1903.162,1902.388,370,370
27.07.2020 05:04:00.585 GMT+0700,1903.312,1902.388,370,370
27.07.2020 05:04:00.819 GMT+0700,1903.012,1902.338,370,370
27.07.2020 05:04:00.869 GMT+0700,1902.982,1902.298,370,370
27.07.2020 05:04:00.970 GMT+0700,1903.102,1902.138,370,370
27.07.2020 05:04:01.082 GMT+0700,1903.172,1902.138,370,370
27.07.2020 05:04:01.133 GMT+0700,1902.902,1902.098,370,370
27.07.2020 05:04:01.183 GMT+0700,1903.082,1902.078,370,370
27.07.2020 05:04:01.377 GMT+0700,1902.902,1902.078,370,370
27.07.2020 05:04:01.478 GMT+0700,1903.082,1902.078,370,370
27.07.2020 05:04:02.172 GMT+0700,1902.902,1902.078,370,370
27.07.2020 05:04:02.222 GMT+0700,1903.082,1902.078,370,370
27.07.2020 05:04:02.399 GMT+0700,1902.902,1902.078,370,370
27.07.2020 05:04:02.450 GMT+0700,1902.902,1901.988,370,370
27.07.2020 05:04:02.550 GMT+0700,1903.012,1901.988,370,370
27.07.2020 05:04:02.709 GMT+0700,1903.012,1902.038,370,370
27.07.2020 05:04:02.788 GMT+0700,1903.022,1902.038,370,370
27.07.2020 05:04:02.888 GMT+0700,1903.022,1902.048,370,370
27.07.2020 05:04:03.357 GMT+0700,1903.112,1902.098,370,370
27.07.2020 05:04:03.408 GMT+0700,1903.132,1902.098,370,370
27.07.2020 05:04:03.458 GMT+0700,1903.082,1902.098,370,370
27.07.2020 05:04:04.125 GMT+0700,1902.932,1902.098,370,370
27.07.2020 05:04:04.226 GMT+0700,1903.022,1902.028,370,370
27.07.2020 05:04:06.363 GMT+0700,1903.102,1902.088,370,370
27.07.2020 05:04:06.909 GMT+0700,1902.892,1902.088,370,370
27.07.2020 05:04:07.010 GMT+0700,1903.072,1902.078,370,370
27.07.2020 05:04:08.898 GMT+0700,1902.992,1902.018,370,370
27.07.2020 05:04:09.105 GMT+0700,1902.862,1902.018,370,370
27.07.2020 05:04:09.155 GMT+0700,1902.832,1901.928,370,370
27.07.2020 05:04:09.206 GMT+0700,1902.942,1901.928,370,370
27.07.2020 05:04:12.912 GMT+0700,1902.772,1901.928,370,370
27.07.2020 05:04:13.012 GMT+0700,1902.852,1901.948,370,370
27.07.2020 05:04:13.122 GMT+0700,1902.842,1901.878,370,370
27.07.2020 05:04:14.752 GMT+0700,1902.882,1901.888,370,370
27.07.2020 05:04:14.853 GMT+0700,1902.862,1901.888,370,370
27.07.2020 05:04:15.609 GMT+0700,1902.842,1901.888,370,370
27.07.2020 05:04:15.660 GMT+0700,1902.702,1901.728,370,370
27.07.2020 05:04:17.102 GMT+0700,1902.552,1901.728,370,370
27.07.2020 05:04:17.153 GMT+0700,1902.702,1901.728,370,370
27.07.2020 05:04:17.963 GMT+0700,1902.742,1901.798,370,370
27.07.2020 05:04:18.064 GMT+0700,1902.692,1901.748,370,370
27.07.2020 05:04:20.925 GMT+0700,1902.652,1901.638,370,370
27.07.2020 05:04:20.975 GMT+0700,1902.682,1901.728,370,370
27.07.2020 05:04:22.481 GMT+0700,1902.812,1901.848,370,370
27.07.2020 05:04:23.372 GMT+0700,1902.642,1901.848,370,370
27.07.2020 05:04:23.423 GMT+0700,1902.792,1901.848,370,370
27.07.2020 05:04:23.573 GMT+0700,1902.872,1901.888,370,370
27.07.2020 05:04:24.401 GMT+0700,1902.902,1901.838,370,370
27.07.2020 05:04:24.451 GMT+0700,1902.932,1901.958,370,370
27.07.2020 05:04:24.681 GMT+0700,1902.972,1902.018,370,370
27.07.2020 05:04:26.654 GMT+0700,1903.102,1902.098,370,370
27.07.2020 05:04:26.827 GMT+0700,1903.152,1902.168,370,370
27.07.2020 05:04:27.827 GMT+0700,1902.942,1902.168,370,370
27.07.2020 05:04:27.928 GMT+0700,1903.102,1902.168,370,370
27.07.2020 05:04:28.040 GMT+0700,1903.152,1902.168,370,370
27.07.2020 05:04:28.281 GMT+0700,1902.612,1902.058,370,370
27.07.2020 05:04:28.332 GMT+0700,1903.042,1902.078,370,370
27.07.2020 05:04:28.382 GMT+0700,1903.012,1902.058,370,370
27.07.2020 05:04:31.161 GMT+0700,1903.062,1902.108,370,370
27.07.2020 05:04:34.134 GMT+0700,1903.132,1902.168,370,370
27.07.2020 05:04:44.511 GMT+0700,1903.202,1902.208,370,370
27.07.2020 05:04:45.192 GMT+0700,1903.382,1902.388,370,370
27.07.2020 05:04:45.293 GMT+0700,1903.572,1902.648,370,370
27.07.2020 05:04:45.393 GMT+0700,1903.642,1902.678,370,370
27.07.2020 05:04:45.494 GMT+0700,1903.612,1902.658,370,370
27.07.2020 05:04:45.695 GMT+0700,1903.632,1902.688,370,370
27.07.2020 05:04:49.721 GMT+0700,1903.532,1902.618,370,370
27.07.2020 05:04:49.772 GMT+0700,1903.562,1902.618,370,370
27.07.2020 05:04:49.823 GMT+0700,1903.542,1902.578,370,370
27.07.2020 05:04:50.155 GMT+0700,1903.382,1902.578,370,370
27.07.2020 05:04:50.205 GMT+0700,1903.422,1902.578,370,370
27.07.2020 05:04:50.256 GMT+0700,1903.542,1902.578,370,370
27.07.2020 05:04:50.372 GMT+0700,1903.432,1902.578,370,370
27.07.2020 05:04:50.422 GMT+0700,1903.542,1902.578,370,370
27.07.2020 05:04:52.461 GMT+0700,1903.512,1902.558,370,370
27.07.2020 05:04:52.792 GMT+0700,1903.482,1902.518,370,370
27.07.2020 05:04:53.783 GMT+0700,1903.312,1902.518,370,370
27.07.2020 05:04:53.834 GMT+0700,1903.312,1902.478,370,370
27.07.2020 05:04:53.934 GMT+0700,1903.332,1902.478,370,370
27.07.2020 05:04:54.063 GMT+0700,1903.462,1902.478,370,370
27.07.2020 05:04:54.542 GMT+0700,1903.512,1902.558,370,370
27.07.2020 05:04:54.592 GMT+0700,1903.482,1902.518,370,370
27.07.2020 05:04:54.793 GMT+0700,1903.552,1902.598,370,370
27.07.2020 05:04:56.926 GMT+0700,1903.402,1902.598,370,370
27.07.2020 05:04:56.976 GMT+0700,1903.442,1902.598,370,370
27.07.2020 05:04:57.027 GMT+0700,1903.552,1902.598,370,370
27.07.2020 05:04:57.745 GMT+0700,1903.452,1902.528,370,370
27.07.2020 05:04:57.795 GMT+0700,1903.512,1902.528,370,370
27.07.2020 05:04:59.841 GMT+0700,1903.512,1902.318,370,370
27.07.2020 05:04:59.892 GMT+0700,1903.632,1902.378,370,370
27.07.2020 05:04:59.942 GMT+0700,1903.632,1902.398,370,75
27.07.2020 05:05:00.043 GMT+0700,1903.555,1902.398,370,75
27.07.2020 05:05:00.144 GMT+0700,1903.575,1902.418,370,370
27.07.2020 05:05:00.543 GMT+0700,1903.575,1902.398,370,75
27.07.2020 05:05:00.593 GMT+0700,1903.525,1902.408,370,370
27.07.2020 05:05:00.657 GMT+0700,1903.575,1902.408,370,370
27.07.2020 05:05:01.453 GMT+0700,1903.565,1902.498,370,75
27.07.2020 05:05:01.503 GMT+0700,1903.595,1902.498,370,75
27.07.2020 05:05:01.705 GMT+0700,1903.572,1902.398,370,75
27.07.2020 05:05:01.755 GMT+0700,1903.485,1902.398,370,450
27.07.2020 05:05:01.806 GMT+0700,1903.545,1902.398,370,450
27.07.2020 05:05:03.103 GMT+0700,1903.535,1902.398,370,450
27.07.2020 05:05:03.204 GMT+0700,1903.545,1902.398,370,450
27.07.2020 05:05:03.865 GMT+0700,1903.535,1902.428,370,370
27.07.2020 05:05:04.613 GMT+0700,1903.535,1902.398,370,450
27.07.2020 05:05:05.188 GMT+0700,1903.562,1902.398,370,450
27.07.2020 05:05:05.546 GMT+0700,1903.575,1902.428,370,370
27.07.2020 05:05:06.838 GMT+0700,1903.565,1902.498,370,75
27.07.2020 05:05:06.939 GMT+0700,1903.645,1902.538,370,370
27.07.2020 05:05:07.039 GMT+0700,1903.715,1902.575,370,370
27.07.2020 05:05:08.304 GMT+0700,1903.715,1902.625,370,370
27.07.2020 05:05:08.405 GMT+0700,1903.722,1902.655,370,370
27.07.2020 05:05:08.560 GMT+0700,1903.722,1902.645,370,370
27.07.2020 05:05:08.610 GMT+0700,1903.592,1902.625,370,370
27.07.2020 05:05:08.661 GMT+0700,1903.615,1902.545,370,370
27.07.2020 05:05:08.761 GMT+0700,1903.622,1902.535,370,370
27.07.2020 05:05:09.558 GMT+0700,1903.622,1902.555,370,370
27.07.2020 05:05:09.954 GMT+0700,1903.622,1902.565,370,370
27.07.2020 05:05:10.285 GMT+0700,1903.592,1902.565,370,370
27.07.2020 05:05:10.335 GMT+0700,1903.575,1902.525,370,370
27.07.2020 05:05:10.386 GMT+0700,1903.622,1902.545,370,370
27.07.2020 05:05:12.796 GMT+0700,1903.622,1902.555,370,370
27.07.2020 05:05:12.912 GMT+0700,1903.662,1902.575,370,370
27.07.2020 05:05:12.962 GMT+0700,1903.662,1902.595,370,370
27.07.2020 05:05:13.257 GMT+0700,1903.725,1902.625,370,370
27.07.2020 05:05:13.307 GMT+0700,1903.742,1902.655,370,370
27.07.2020 05:05:13.408 GMT+0700,1903.742,1902.665,370,370
27.07.2020 05:05:13.587 GMT+0700,1903.792,1902.688,370,370
27.07.2020 05:05:16.091 GMT+0700,1903.792,1902.695,370,370
27.07.2020 05:05:16.192 GMT+0700,1903.792,1902.755,370,370
27.07.2020 05:05:16.292 GMT+0700,1903.792,1902.698,370,75
27.07.2020 05:05:16.499 GMT+0700,1903.822,1902.728,370,370
27.07.2020 05:05:17.982 GMT+0700,1903.862,1902.778,370,370
27.07.2020 05:05:18.208 GMT+0700,1903.885,1902.818,370,370
27.07.2020 05:05:18.258 GMT+0700,1903.852,1902.748,370,370
27.07.2020 05:05:18.701 GMT+0700,1903.812,1902.738,370,370
27.07.2020 05:05:18.868 GMT+0700,1903.792,1902.698,370,370
27.07.2020 05:05:18.919 GMT+0700,1903.745,1902.698,370,370
27.07.2020 05:05:18.974 GMT+0700,1903.765,1902.698,370,370
27.07.2020 05:05:20.109 GMT+0700,1903.785,1902.698,370,370
27.07.2020 05:05:20.851 GMT+0700,1903.775,1902.698,370,370
27.07.2020 05:05:21.404 GMT+0700,1903.745,1902.698,370,370
27.07.2020 05:05:21.801 GMT+0700,1903.755,1902.698,370,450
27.07.2020 05:05:21.852 GMT+0700,1903.775,1902.698,370,450
27.07.2020 05:05:21.905 GMT+0700,1903.785,1902.698,370,450
27.07.2020 05:05:22.154 GMT+0700,1903.795,1902.738,370,370
27.07.2020 05:05:22.273 GMT+0700,1903.805,1902.898,370,75
27.07.2020 05:05:22.324 GMT+0700,1903.855,1902.898,370,75
27.07.2020 05:05:22.424 GMT+0700,1903.935,1902.898,370,75
27.07.2020 05:05:23.042 GMT+0700,1903.945,1902.898,370,75
27.07.2020 05:05:23.092 GMT+0700,1903.945,1902.908,370,370
27.07.2020 05:05:23.193 GMT+0700,1903.905,1902.908,370,370
27.07.2020 05:05:23.347 GMT+0700,1903.905,1902.898,370,75
27.07.2020 05:05:23.447 GMT+0700,1903.862,1902.798,370,75
27.07.2020 05:05:23.498 GMT+0700,1903.945,1902.798,370,75
27.07.2020 05:05:23.548 GMT+0700,1903.775,1902.898,370,75
27.07.2020 05:05:23.599 GMT+0700,1903.875,1902.898,370,75
27.07.2020 05:05:23.727 GMT+0700,1903.895,1902.898,370,75
27.07.2020 05:05:23.827 GMT+0700,1903.765,1902.628,370,370
27.07.2020 05:05:23.928 GMT+0700,1903.825,1902.628,370,370
27.07.2020 05:05:24.532 GMT+0700,1903.895,1902.735,370,370
27.07.2020 05:05:26.441 GMT+0700,1903.885,1902.735,370,370
27.07.2020 05:05:26.542 GMT+0700,1903.892,1902.745,370,370
27.07.2020 05:05:30.191 GMT+0700,1903.582,1902.695,370,370
27.07.2020 05:05:30.242 GMT+0700,1903.635,1902.665,370,370
27.07.2020 05:05:30.342 GMT+0700,1903.675,1902.655,370,370
27.07.2020 05:05:30.393 GMT+0700,1903.735,1902.645,370,370
27.07.2020 05:05:30.493 GMT+0700,1903.825,1902.695,370,370
27.07.2020 05:05:30.673 GMT+0700,1903.832,1902.695,370,370
27.07.2020 05:05:30.723 GMT+0700,1903.762,1902.695,370,370
27.07.2020 05:05:30.774 GMT+0700,1903.762,1902.685,370,370
27.07.2020 05:05:30.925 GMT+0700,1903.745,1902.635,370,370
27.07.2020 05:05:31.025 GMT+0700,1903.762,1902.675,370,370
27.07.2020 05:05:31.250 GMT+0700,1903.752,1902.685,370,370
27.07.2020 05:05:31.351 GMT+0700,1903.735,1902.635,370,370
27.07.2020 05:05:32.415 GMT+0700,1903.692,1902.565,370,370
27.07.2020 05:05:32.466 GMT+0700,1903.695,1902.595,370,370
27.07.2020 05:05:32.517 GMT+0700,1903.695,1902.525,370,370
27.07.2020 05:05:32.567 GMT+0700,1903.822,1902.778,370,370
27.07.2020 05:05:32.668 GMT+0700,1903.872,1902.778,370,370
27.07.2020 05:05:32.719 GMT+0700,1903.922,1902.778,370,370
27.07.2020 05:05:32.810 GMT+0700,1903.842,1902.778,370,370
27.07.2020 05:05:34.133 GMT+0700,1903.912,1902.778,370,370
27.07.2020 05:05:35.385 GMT+0700,1903.942,1902.788,370,370
27.07.2020 05:05:36.302 GMT+0700,1903.942,1902.828,370,370
27.07.2020 05:05:36.708 GMT+0700,1903.992,1902.828,370,370
27.07.2020 05:05:36.912 GMT+0700,1903.992,1902.835,370,370
27.07.2020 05:05:37.206 GMT+0700,1903.992,1902.868,370,370
27.07.2020 05:05:37.365 GMT+0700,1903.952,1902.868,370,370
27.07.2020 05:05:37.864 GMT+0700,1903.962,1903.008,370,370
27.07.2020 05:05:38.014 GMT+0700,1903.962,1902.998,370,370
27.07.2020 05:05:38.126 GMT+0700,1904.085,1902.998,370,370
27.07.2020 05:05:38.226 GMT+0700,1904.112,1902.998,370,370
27.07.2020 05:05:40.632 GMT+0700,1904.022,1902.975,370,370
27.07.2020 05:05:40.683 GMT+0700,1904.092,1902.968,370,370
27.07.2020 05:05:40.733 GMT+0700,1904.092,1902.975,370,370
27.07.2020 05:05:40.834 GMT+0700,1904.092,1902.995,370,370
27.07.2020 05:05:41.081 GMT+0700,1904.102,1903.038,370,370
27.07.2020 05:05:41.421 GMT+0700,1904.062,1902.998,370,370
27.07.2020 05:05:43.106 GMT+0700,1904.062,1903.015,370,370
27.07.2020 05:05:43.157 GMT+0700,1904.152,1903.088,370,370
27.07.2020 05:05:43.258 GMT+0700,1904.182,1903.088,370,370
27.07.2020 05:05:43.429 GMT+0700,1904.122,1903.058,370,370
27.07.2020 05:05:43.630 GMT+0700,1904.122,1903.145,370,370
27.07.2020 05:05:44.264 GMT+0700,1904.122,1903.058,370,370
27.07.2020 05:05:44.563 GMT+0700,1904.082,1903.058,370,370
27.07.2020 05:05:45.944 GMT+0700,1903.982,1902.985,370,370
27.07.2020 05:05:46.136 GMT+0700,1903.982,1903.045,370,370
27.07.2020 05:05:46.629 GMT+0700,1903.982,1903.055,370,370
27.07.2020 05:05:47.613 GMT+0700,1903.982,1903.085,370,370
27.07.2020 05:05:48.162 GMT+0700,1903.982,1903.105,370,370
27.07.2020 05:05:48.541 GMT+0700,1903.982,1903.145,370,370
27.07.2020 05:05:48.642 GMT+0700,1903.982,1903.055,370,370
27.07.2020 05:05:48.743 GMT+0700,1903.982,1902.978,370,370
27.07.2020 05:05:49.252 GMT+0700,1903.932,1902.975,370,370
27.07.2020 05:05:49.715 GMT+0700,1903.932,1902.985,370,370
27.07.2020 05:05:49.816 GMT+0700,1903.892,1902.955,370,370
27.07.2020 05:05:49.916 GMT+0700,1903.852,1902.905,370,370
27.07.2020 05:05:50.110 GMT+0700,1903.852,1902.915,370,370
27.07.2020 05:05:50.160 GMT+0700,1903.922,1902.968,370,370
27.07.2020 05:05:50.561 GMT+0700,1903.922,1902.978,370,370
27.07.2020 05:05:50.674 GMT+0700,1903.922,1903.075,370,370
27.07.2020 05:05:50.901 GMT+0700,1903.872,1903.075,370,370
27.07.2020 05:05:50.952 GMT+0700,1903.792,1902.935,370,370
27.07.2020 05:05:51.052 GMT+0700,1903.792,1902.905,370,370
27.07.2020 05:05:51.103 GMT+0700,1903.792,1902.885,370,370
27.07.2020 05:05:51.204 GMT+0700,1903.852,1902.908,370,370
27.07.2020 05:05:54.532 GMT+0700,1903.722,1902.895,370,370
27.07.2020 05:05:54.583 GMT+0700,1903.762,1902.875,370,370
27.07.2020 05:05:54.683 GMT+0700,1903.762,1902.815,370,370
27.07.2020 05:05:54.734 GMT+0700,1903.762,1902.835,370,370
27.07.2020 05:05:55.022 GMT+0700,1903.762,1902.895,370,370
27.07.2020 05:05:55.072 GMT+0700,1903.762,1902.825,370,370
27.07.2020 05:05:55.525 GMT+0700,1903.762,1902.835,370,370
27.07.2020 05:05:55.576 GMT+0700,1903.872,1902.898,370,370
27.07.2020 05:05:55.626 GMT+0700,1903.872,1902.905,370,370
27.07.2020 05:05:56.652 GMT+0700,1903.872,1902.915,370,370
27.07.2020 05:05:56.781 GMT+0700,1903.882,1902.948,370,370
27.07.2020 05:05:57.264 GMT+0700,1903.882,1902.985,370,370
27.07.2020 05:05:58.250 GMT+0700,1903.982,1903.008,370,370
27.07.2020 05:05:58.492 GMT+0700,1903.932,1902.988,370,370
27.07.2020 05:05:58.593 GMT+0700,1904.062,1903.078,370,370
27.07.2020 05:05:58.744 GMT+0700,1904.062,1903.145,370,370
27.07.2020 05:06:01.114 GMT+0700,1903.992,1903.145,370,370
27.07.2020 05:06:01.164 GMT+0700,1903.992,1903.038,370,370
27.07.2020 05:06:01.215 GMT+0700,1904.102,1903.098,370,370
27.07.2020 05:06:01.576 GMT+0700,1904.102,1903.118,370,370
27.07.2020 05:06:01.741 GMT+0700,1903.982,1903.055,370,370
27.07.2020 05:06:01.842 GMT+0700,1903.995,1903.058,370,370
27.07.2020 05:06:01.943 GMT+0700,1904.012,1903.058,370,370
27.07.2020 05:06:02.342 GMT+0700,1904.012,1903.078,370,370
27.07.2020 05:06:02.392 GMT+0700,1904.112,1903.128,370,370
27.07.2020 05:06:03.092 GMT+0700,1904.072,1903.118,370,370
27.07.2020 05:06:03.874 GMT+0700,1904.112,1903.118,370,370
27.07.2020 05:06:04.472 GMT+0700,1904.045,1903.118,370,370
27.07.2020 05:06:04.522 GMT+0700,1904.075,1903.118,370,370
27.07.2020 05:06:04.714 GMT+0700,1904.095,1903.118,370,370
27.07.2020 05:06:05.731 GMT+0700,1904.052,1903.088,370,370
27.07.2020 05:06:05.832 GMT+0700,1904.052,1903.108,370,370
27.07.2020 05:06:06.331 GMT+0700,1904.052,1903.088,370,370
27.07.2020 05:06:06.432 GMT+0700,1904.055,1903.108,370,370
27.07.2020 05:06:06.541 GMT+0700,1904.055,1903.158,370,370
27.07.2020 05:06:06.702 GMT+0700,1904.105,1903.158,370,370
27.07.2020 05:06:08.569 GMT+0700,1904.062,1903.138,370,370
27.07.2020 05:06:08.759 GMT+0700,1904.085,1903.178,370,370
27.07.2020 05:06:08.810 GMT+0700,1904.112,1903.178,370,370
27.07.2020 05:06:08.911 GMT+0700,1904.105,1903.178,370,370
27.07.2020 05:06:10.663 GMT+0700,1904.105,1903.198,370,370
27.07.2020 05:06:11.971 GMT+0700,1904.012,1903.088,370,370
27.07.2020 05:06:12.021 GMT+0700,1903.995,1903.088,370,370
27.07.2020 05:06:12.122 GMT+0700,1904.015,1903.088,370,370
27.07.2020 05:06:12.173 GMT+0700,1904.035,1903.088,370,370
27.07.2020 05:06:12.224 GMT+0700,1904.045,1903.088,370,370
27.07.2020 05:06:12.443 GMT+0700,1904.045,1903.168,370,370
27.07.2020 05:06:12.493 GMT+0700,1904.065,1903.168,370,370
27.07.2020 05:06:12.543 GMT+0700,1904.065,1903.208,370,370
27.07.2020 05:06:12.594 GMT+0700,1904.165,1903.208,370,370
27.07.2020 05:06:12.798 GMT+0700,1904.155,1903.208,370,370
27.07.2020 05:06:12.848 GMT+0700,1904.155,1903.168,370,370
27.07.2020 05:06:13.357 GMT+0700,1904.155,1903.158,370,370
27.07.2020 05:06:13.408 GMT+0700,1904.175,1903.158,370,370
27.07.2020 05:06:13.842 GMT+0700,1904.162,1903.138,370,370
27.07.2020 05:06:13.892 GMT+0700,1904.025,1903.138,370,370
27.07.2020 05:06:13.943 GMT+0700,1904.025,1903.128,370,370
27.07.2020 05:06:14.043 GMT+0700,1904.155,1903.128,370,370
27.07.2020 05:06:14.272 GMT+0700,1904.155,1903.118,370,370
27.07.2020 05:06:14.322 GMT+0700,1904.012,1902.988,370,370
27.07.2020 05:06:14.423 GMT+0700,1903.935,1902.988,370,370
27.07.2020 05:06:14.534 GMT+0700,1903.925,1903.108,370,370
27.07.2020 05:06:14.635 GMT+0700,1904.015,1903.118,370,370
27.07.2020 05:06:14.801 GMT+0700,1904.025,1903.118,370,370
27.07.2020 05:06:14.962 GMT+0700,1904.025,1903.148,370,370
27.07.2020 05:06:15.063 GMT+0700,1904.025,1903.158,370,370
27.07.2020 05:06:15.113 GMT+0700,1904.145,1903.158,370,370
27.07.2020 05:06:15.209 GMT+0700,1904.165,1903.158,370,370
27.07.2020 05:06:15.311 GMT+0700,1904.175,1903.158,370,370
27.07.2020 05:06:15.370 GMT+0700,1904.205,1903.158,370,370
27.07.2020 05:06:15.493 GMT+0700,1904.172,1903.128,370,370
27.07.2020 05:06:15.594 GMT+0700,1904.065,1903.148,370,370
27.07.2020 05:06:15.644 GMT+0700,1904.075,1903.148,370,370
27.07.2020 05:06:15.947 GMT+0700,1904.075,1903.128,370,370
27.07.2020 05:06:16.047 GMT+0700,1904.135,1903.078,370,370
27.07.2020 05:06:16.098 GMT+0700,1904.065,1903.078,370,370
27.07.2020 05:06:16.199 GMT+0700,1904.042,1903.048,370,370
27.07.2020 05:06:16.249 GMT+0700,1903.985,1903.078,370,370
27.07.2020 05:06:16.299 GMT+0700,1903.995,1903.078,370,370
27.07.2020 05:06:16.759 GMT+0700,1904.035,1903.078,370,370
27.07.2020 05:06:17.237 GMT+0700,1904.035,1902.988,370,370
27.07.2020 05:06:17.355 GMT+0700,1904.035,1903.018,370,370
27.07.2020 05:06:17.419 GMT+0700,1904.045,1903.018,370,370
27.07.2020 05:06:17.469 GMT+0700,1904.082,1903.055,370,370
27.07.2020 05:06:17.520 GMT+0700,1904.055,1902.988,370,370
27.07.2020 05:06:17.671 GMT+0700,1904.055,1903.068,370,370
27.07.2020 05:06:17.721 GMT+0700,1904.055,1902.998,370,370
27.07.2020 05:06:18.184 GMT+0700,1903.932,1902.905,370,370
27.07.2020 05:06:18.234 GMT+0700,1903.895,1902.838,370,370
27.07.2020 05:06:18.335 GMT+0700,1903.915,1902.838,370,370
27.07.2020 05:06:19.612 GMT+0700,1903.882,1902.858,370,370
27.07.2020 05:06:19.763 GMT+0700,1903.902,1902.858,370,370
27.07.2020 05:06:20.026 GMT+0700,1903.902,1902.885,370,370
27.07.2020 05:06:20.076 GMT+0700,1903.962,1902.905,370,370
27.07.2020 05:06:21.067 GMT+0700,1903.962,1902.935,370,370
27.07.2020 05:06:21.168 GMT+0700,1903.922,1902.895,370,370
27.07.2020 05:06:21.765 GMT+0700,1903.972,1902.848,370,370
27.07.2020 05:06:21.816 GMT+0700,1903.972,1902.895,370,370
27.07.2020 05:06:21.967 GMT+0700,1903.972,1902.935,370,370
27.07.2020 05:06:22.107 GMT+0700,1903.932,1902.935,370,370
27.07.2020 05:06:22.158 GMT+0700,1903.932,1902.855,370,370
27.07.2020 05:06:22.792 GMT+0700,1903.972,1902.895,370,370
27.07.2020 05:06:22.893 GMT+0700,1903.972,1902.945,370,370
27.07.2020 05:06:24.832 GMT+0700,1904.002,1902.945,370,370
27.07.2020 05:06:27.154 GMT+0700,1904.002,1902.955,370,370
27.07.2020 05:06:27.255 GMT+0700,1903.952,1902.955,370,370
27.07.2020 05:06:27.382 GMT+0700,1903.922,1902.955,370,370
27.07.2020 05:06:27.432 GMT+0700,1903.922,1902.865,370,370
27.07.2020 05:06:28.317 GMT+0700,1903.952,1902.865,370,370
27.07.2020 05:06:28.367 GMT+0700,1903.982,1902.905,370,370
27.07.2020 05:06:28.468 GMT+0700,1903.982,1902.925,370,370
27.07.2020 05:06:28.518 GMT+0700,1904.042,1902.968,370,370
27.07.2020 05:06:28.568 GMT+0700,1904.042,1902.985,370,370
27.07.2020 05:06:29.241 GMT+0700,1904.002,1902.985,370,370
27.07.2020 05:06:29.292 GMT+0700,1904.002,1902.955,370,370
27.07.2020 05:06:30.349 GMT+0700,1903.952,1902.955,370,370
27.07.2020 05:06:30.414 GMT+0700,1903.952,1902.935,370,370
27.07.2020 05:06:30.515 GMT+0700,1903.952,1902.925,370,370
27.07.2020 05:06:30.615 GMT+0700,1903.952,1902.945,370,370
27.07.2020 05:06:31.016 GMT+0700,1904.002,1902.945,370,370
27.07.2020 05:06:31.082 GMT+0700,1904.002,1902.955,370,370
27.07.2020 05:06:31.183 GMT+0700,1904.002,1902.975,370,370
27.07.2020 05:06:31.430 GMT+0700,1903.972,1902.975,370,370
27.07.2020 05:06:31.531 GMT+0700,1904.002,1902.945,370,370
27.07.2020 05:06:31.581 GMT+0700,1904.002,1902.965,370,370
27.07.2020 05:06:31.682 GMT+0700,1903.992,1902.945,370,370
27.07.2020 05:06:33.330 GMT+0700,1903.992,1902.915,370,370
27.07.2020 05:06:33.431 GMT+0700,1904.002,1902.925,370,370
27.07.2020 05:06:33.581 GMT+0700,1904.042,1902.988,370,370
27.07.2020 05:06:36.341 GMT+0700,1904.042,1902.995,370,370
27.07.2020 05:06:38.043 GMT+0700,1904.042,1902.988,370,370
27.07.2020 05:06:38.432 GMT+0700,1904.012,1902.988,370,370
27.07.2020 05:06:38.532 GMT+0700,1903.982,1902.935,370,370
27.07.2020 05:06:38.633 GMT+0700,1904.052,1903.028,370,370
27.07.2020 05:06:39.751 GMT+0700,1904.092,1903.088,370,370
27.07.2020 05:06:39.953 GMT+0700,1904.032,1903.088,370,370
27.07.2020 05:06:40.004 GMT+0700,1904.072,1903.088,370,370
27.07.2020 05:06:41.787 GMT+0700,1904.105,1903.138,370,370
27.07.2020 05:06:41.888 GMT+0700,1904.122,1903.138,370,370
27.07.2020 05:06:42.192 GMT+0700,1904.145,1903.138,370,370
27.07.2020 05:06:42.296 GMT+0700,1904.152,1903.138,370,370
27.07.2020 05:06:42.773 GMT+0700,1904.165,1903.158,370,370
27.07.2020 05:06:42.824 GMT+0700,1904.192,1903.158,370,370
27.07.2020 05:06:43.080 GMT+0700,1904.152,1903.158,370,370
27.07.2020 05:06:43.131 GMT+0700,1904.192,1903.158,370,370
27.07.2020 05:06:43.181 GMT+0700,1904.175,1903.198,370,370
27.07.2020 05:06:43.232 GMT+0700,1904.205,1903.198,370,370
27.07.2020 05:06:43.652 GMT+0700,1904.215,1903.238,370,370
27.07.2020 05:06:43.803 GMT+0700,1904.015,1903.218,370,370
27.07.2020 05:06:44.471 GMT+0700,1904.005,1903.218,370,370
27.07.2020 05:06:44.901 GMT+0700,1903.995,1903.218,370,370
27.07.2020 05:06:46.438 GMT+0700,1903.995,1903.148,370,370
27.07.2020 05:06:46.488 GMT+0700,1903.985,1903.148,370,370
27.07.2020 05:06:46.801 GMT+0700,1904.005,1903.188,370,370
27.07.2020 05:06:46.952 GMT+0700,1904.085,1903.188,370,370
27.07.2020 05:06:47.003 GMT+0700,1904.065,1903.188,370,370
27.07.2020 05:06:47.154 GMT+0700,1903.995,1903.238,370,370
27.07.2020 05:06:47.485 GMT+0700,1904.055,1903.238,370,370
27.07.2020 05:06:47.536 GMT+0700,1904.095,1903.238,370,370
27.07.2020 05:06:47.771 GMT+0700,1904.095,1903.208,370,370
27.07.2020 05:06:49.444 GMT+0700,1904.095,1903.178,370,370
27.07.2020 05:06:50.190 GMT+0700,1904.115,1903.178,370,370
27.07.2020 05:06:50.241 GMT+0700,1904.125,1903.338,370,370
27.07.2020 05:06:50.342 GMT+0700,1904.115,1903.368,370,370
27.07.2020 05:06:50.392 GMT+0700,1904.155,1903.368,370,370
27.07.2020 05:06:50.561 GMT+0700,1904.185,1903.518,370,370
27.07.2020 05:06:50.611 GMT+0700,1905.815,1904.838,370,370
27.07.2020 05:06:50.662 GMT+0700,1906.125,1905.948,370,75
27.07.2020 05:06:50.712 GMT+0700,1906.102,1905.698,220,75
27.07.2020 05:06:50.763 GMT+0700,1905.935,1905.698,370,75
27.07.2020 05:06:50.813 GMT+0700,1906.045,1905.348,370,150
27.07.2020 05:06:50.864 GMT+0700,1906.042,1904.998,450,75
27.07.2020 05:06:50.914 GMT+0700,1905.535,1904.735,370,370
27.07.2020 05:06:50.964 GMT+0700,1905.495,1904.465,370,370
27.07.2020 05:06:51.015 GMT+0700,1905.845,1904.328,370,370
27.07.2020 05:06:51.065 GMT+0700,1905.795,1904.308,370,370
27.07.2020 05:06:51.166 GMT+0700,1905.295,1903.945,370,370
27.07.2020 05:06:51.267 GMT+0700,1905.185,1903.848,370,370
27.07.2020 05:06:51.380 GMT+0700,1905.222,1903.868,370,370
27.07.2020 05:06:51.431 GMT+0700,1905.155,1903.885,370,370
27.07.2020 05:06:51.481 GMT+0700,1905.085,1903.808,370,370
27.07.2020 05:06:51.532 GMT+0700,1905.055,1903.808,370,370
27.07.2020 05:06:51.582 GMT+0700,1905.045,1903.765,370,370
27.07.2020 05:06:51.633 GMT+0700,1905.015,1903.808,370,370
27.07.2020 05:06:51.683 GMT+0700,1904.932,1903.718,370,370
27.07.2020 05:06:51.734 GMT+0700,1904.972,1903.688,370,370
27.07.2020 05:06:51.784 GMT+0700,1904.915,1903.638,370,370
27.07.2020 05:06:51.885 GMT+0700,1904.935,1903.668,370,370
27.07.2020 05:06:51.986 GMT+0700,1905.165,1904.118,370,370
27.07.2020 05:06:52.036 GMT+0700,1905.212,1903.878,370,370
27.07.2020 05:06:52.087 GMT+0700,1905.155,1904.095,370,370
27.07.2020 05:06:52.137 GMT+0700,1905.122,1903.945,370,370
27.07.2020 05:06:52.188 GMT+0700,1905.235,1904.078,370,370
27.07.2020 05:06:52.238 GMT+0700,1905.205,1904.038,370,370
27.07.2020 05:06:52.289 GMT+0700,1905.342,1904.125,370,370
27.07.2020 05:06:52.389 GMT+0700,1905.422,1904.125,370,370
27.07.2020 05:06:52.440 GMT+0700,1905.422,1904.155,370,370
27.07.2020 05:06:52.490 GMT+0700,1905.572,1904.238,370,370
27.07.2020 05:06:52.541 GMT+0700,1905.772,1904.438,370,370
27.07.2020 05:06:52.642 GMT+0700,1905.802,1904.468,370,370
27.07.2020 05:06:52.743 GMT+0700,1905.722,1904.415,370,370
27.07.2020 05:06:52.843 GMT+0700,1905.692,1904.358,370,370
27.07.2020 05:06:52.894 GMT+0700,1905.705,1904.398,370,370
27.07.2020 05:06:53.044 GMT+0700,1905.742,1904.475,370,370
27.07.2020 05:06:53.333 GMT+0700,1905.792,1904.458,370,370
27.07.2020 05:06:53.383 GMT+0700,1905.732,1904.485,370,370
27.07.2020 05:06:53.433 GMT+0700,1905.752,1904.495,370,370
27.07.2020 05:06:53.484 GMT+0700,1905.752,1904.475,370,370
27.07.2020 05:06:53.685 GMT+0700,1905.865,1904.598,370,370
27.07.2020 05:06:53.735 GMT+0700,1905.895,1904.615,370,370
27.07.2020 05:06:53.786 GMT+0700,1906.065,1904.855,370,370
27.07.2020 05:06:53.836 GMT+0700,1906.082,1904.825,370,370
27.07.2020 05:06:53.886 GMT+0700,1906.082,1904.855,370,370
27.07.2020 05:06:53.987 GMT+0700,1906.022,1904.835,370,370
27.07.2020 05:06:54.145 GMT+0700,1906.082,1904.835,370,370
